lazarento,Usuario_quer_xingar_robo
bucetona,Usuario_quer_xingar_robo
xoxotinha,Usuario_quer_xingar_robo
putinha,Usuario_quer_xingar_robo
putona,Usuario_quer_xingar_robo
biscate,Usuario_quer_xingar_robo
biscatinha,Usuario_quer_xingar_robo
biscatona,Usuario_quer_xingar_robo
bosta,Usuario_quer_xingar_robo
cuzinho,Usuario_quer_xingar_robo
Vai tomar no cu,Usuario_quer_xingar_robo
puta,Usuario_quer_xingar_robo
porra,Usuario_quer_xingar_robo
puta que pariu,Usuario_quer_xingar_robo
fuder,Usuario_quer_xingar_robo
merda,Usuario_quer_xingar_robo
buceta,Usuario_quer_xingar_robo
AnimaldeTeta,Usuario_quer_xingar_robo
Arregassado,Usuario_quer_xingar_robo
Arrombado,Usuario_quer_xingar_robo
Babaca,Usuario_quer_xingar_robo
Baitola,Usuario_quer_xingar_robo
Biba,Usuario_quer_xingar_robo
Bicha,Usuario_quer_xingar_robo
bolagato,Usuario_quer_xingar_robo
Boqueteiro,Usuario_quer_xingar_robo
Boquete,Usuario_quer_xingar_robo
Bundao,Usuario_quer_xingar_robo
Burro,Usuario_quer_xingar_robo
Cacete,Usuario_quer_xingar_robo
Cadelona,Usuario_quer_xingar_robo
Capiroto,Usuario_quer_xingar_robo
Caralho,Usuario_quer_xingar_robo
Cocozento,Usuario_quer_xingar_robo
Cu,Usuario_quer_xingar_robo
DebilMental,Usuario_quer_xingar_robo
Demente,Usuario_quer_xingar_robo
Desgracado,Usuario_quer_xingar_robo
EGUENORANTE,Usuario_quer_xingar_robo
Endemoniado,Usuario_quer_xingar_robo
Energumeno,Usuario_quer_xingar_robo
Enfianocu,Usuario_quer_xingar_robo
EngoleRola,Usuario_quer_xingar_robo
Escroto,Usuario_quer_xingar_robo
Esdruxulo,Usuario_quer_xingar_robo
Esporrado,Usuario_quer_xingar_robo
Estigalhado,Usuario_quer_xingar_robo
Estrume,Usuario_quer_xingar_robo
Estrunxado,Usuario_quer_xingar_robo
Estupido,Usuario_quer_xingar_robo
FDP,Usuario_quer_xingar_robo
Fidumaegua,Usuario_quer_xingar_robo
FilhodaPuta,Usuario_quer_xingar_robo
Fiofo,Usuario_quer_xingar_robo
Foda,Usuario_quer_xingar_robo
Fudido,Usuario_quer_xingar_robo
Fulera,Usuario_quer_xingar_robo
Gonorreia,Usuario_quer_xingar_robo
GordoEscroto,Usuario_quer_xingar_robo
Gozado,Usuario_quer_xingar_robo
Idiota,Usuario_quer_xingar_robo
Imbecil,Usuario_quer_xingar_robo
Imundo,Usuario_quer_xingar_robo
Inseto,Usuario_quer_xingar_robo
Invertebrado,Usuario_quer_xingar_robo
Jacu,Usuario_quer_xingar_robo
Jegue,Usuario_quer_xingar_robo
Jumento,Usuario_quer_xingar_robo
KCT,Usuario_quer_xingar_robo
Ku,Usuario_quer_xingar_robo
lesma,Usuario_quer_xingar_robo
Lezado,Usuario_quer_xingar_robo
Limpezaanal,Usuario_quer_xingar_robo
lombriga,Usuario_quer_xingar_robo
Meretriz,Usuario_quer_xingar_robo
MiolodeCu,Usuario_quer_xingar_robo
Mocorongo,Usuario_quer_xingar_robo
MontedeMerda,Usuario_quer_xingar_robo
Morfetico,Usuario_quer_xingar_robo
Mulambo,Usuario_quer_xingar_robo
Nazista,Usuario_quer_xingar_robo
Newbie,Usuario_quer_xingar_robo
Nhaca,Usuario_quer_xingar_robo
Nonsense,Usuario_quer_xingar_robo
Ogro,Usuario_quer_xingar_robo
Olhodocu,Usuario_quer_xingar_robo
OlhoGordo,Usuario_quer_xingar_robo
Otario,Usuario_quer_xingar_robo
Panaca,Usuario_quer_xingar_robo
Passaralho,Usuario_quer_xingar_robo
PauNoCu,Usuario_quer_xingar_robo
Periquita,Usuario_quer_xingar_robo
Pimenteira,Usuario_quer_xingar_robo
Piranha,Usuario_quer_xingar_robo
Piroca,Usuario_quer_xingar_robo
Pistoleira,Usuario_quer_xingar_robo
prostituta,Usuario_quer_xingar_robo
Punheta,Usuario_quer_xingar_robo
PutaQuePariu,Usuario_quer_xingar_robo
Quenga,Usuario_quer_xingar_robo
Quirguistao,Usuario_quer_xingar_robo
Rampero,Usuario_quer_xingar_robo
Rapariga,Usuario_quer_xingar_robo
Raspadinha,Usuario_quer_xingar_robo
Retardado,Usuario_quer_xingar_robo
Rusguento,Usuario_quer_xingar_robo
Sanguesuga,Usuario_quer_xingar_robo
Sujo,Usuario_quer_xingar_robo
Tapado,Usuario_quer_xingar_robo
Tarado,Usuario_quer_xingar_robo
Tesao,Usuario_quer_xingar_robo
Tetuda,Usuario_quer_xingar_robo
Tetudo,Usuario_quer_xingar_robo
Tosco,Usuario_quer_xingar_robo
Tragado,Usuario_quer_xingar_robo
Travesti,Usuario_quer_xingar_robo
Trepadeira,Usuario_quer_xingar_robo
Troglodita,Usuario_quer_xingar_robo
Urubu,Usuario_quer_xingar_robo
Vadia,Usuario_quer_xingar_robo
Vagabundo,Usuario_quer_xingar_robo
Vagaranha,Usuario_quer_xingar_robo
Vaiamerda,Usuario_quer_xingar_robo
vaisefuder,Usuario_quer_xingar_robo
Vaitomarnocu,Usuario_quer_xingar_robo
Verme,Usuario_quer_xingar_robo
Viado,Usuario_quer_xingar_robo
Xavasca,Usuario_quer_xingar_robo
Xereca,Usuario_quer_xingar_robo
Xixizento,Usuario_quer_xingar_robo
Xoxota,Usuario_quer_xingar_robo
Xupetinha,Usuario_quer_xingar_robo
Xupisco,Usuario_quer_xingar_robo
ZeBuceta,Usuario_quer_xingar_robo
Zoiudo,Usuario_quer_xingar_robo
Zoneira,Usuario_quer_xingar_robo
Zuado,Usuario_quer_xingar_robo
Zuera,Usuario_quer_xingar_robo
Zulu,Usuario_quer_xingar_robo
Zureta,Usuario_quer_xingar_robo
Anus,Usuario_quer_xingar_robo
Bagos,Usuario_quer_xingar_robo
Besta,Usuario_quer_xingar_robo
Bixa,Usuario_quer_xingar_robo
Boazuda,Usuario_quer_xingar_robo
Boiola,Usuario_quer_xingar_robo
Bosseta,Usuario_quer_xingar_robo
Bostana,Usuario_quer_xingar_robo
Brioco,Usuario_quer_xingar_robo
Bronha,Usuario_quer_xingar_robo
Buca,Usuario_quer_xingar_robo
Bunda,Usuario_quer_xingar_robo
Bunduda,Usuario_quer_xingar_robo
Burra,Usuario_quer_xingar_robo
Busseta,Usuario_quer_xingar_robo
Cadela,Usuario_quer_xingar_robo
Caga,Usuario_quer_xingar_robo
Cagado,Usuario_quer_xingar_robo
Cagao,Usuario_quer_xingar_robo
Cagona,Usuario_quer_xingar_robo
Canalha,Usuario_quer_xingar_robo
Casseta,Usuario_quer_xingar_robo
Cassete,Usuario_quer_xingar_robo
Checheca,Usuario_quer_xingar_robo
Chereca,Usuario_quer_xingar_robo
Chibumba,Usuario_quer_xingar_robo
Chibumbo,Usuario_quer_xingar_robo
Chifruda,Usuario_quer_xingar_robo
Chifrudo,Usuario_quer_xingar_robo
Chota,Usuario_quer_xingar_robo
Chochota,Usuario_quer_xingar_robo
Chupada,Usuario_quer_xingar_robo
Chupado,Usuario_quer_xingar_robo
Clitoris,Usuario_quer_xingar_robo
Cocaina,Usuario_quer_xingar_robo
Corna,Usuario_quer_xingar_robo
Corno,Usuario_quer_xingar_robo
Cornuda,Usuario_quer_xingar_robo
Cornudo,Usuario_quer_xingar_robo
Corrupta,Usuario_quer_xingar_robo
Corrupto,Usuario_quer_xingar_robo
Cretina,Usuario_quer_xingar_robo
Cretino,Usuario_quer_xingar_robo
Cruz-credo,Usuario_quer_xingar_robo
Culhao,Usuario_quer_xingar_robo
Curalho,Usuario_quer_xingar_robo
Cuzao,Usuario_quer_xingar_robo
Cuzuda,Usuario_quer_xingar_robo
Cuzudo,Usuario_quer_xingar_robo
Debil,Usuario_quer_xingar_robo
Debiloide,Usuario_quer_xingar_robo
Defunto,Usuario_quer_xingar_robo
Demonio,Usuario_quer_xingar_robo
Difunto,Usuario_quer_xingar_robo
Doida,Usuario_quer_xingar_robo
Doido,Usuario_quer_xingar_robo
Egua,Usuario_quer_xingar_robo
Escrota,Usuario_quer_xingar_robo
Esporrada,Usuario_quer_xingar_robo
Esporro,Usuario_quer_xingar_robo
Estupida,Usuario_quer_xingar_robo
Estupidez,Usuario_quer_xingar_robo
Fedida,Usuario_quer_xingar_robo
Fedido,Usuario_quer_xingar_robo
Fedor,Usuario_quer_xingar_robo
Fedorenta,Usuario_quer_xingar_robo
Feia,Usuario_quer_xingar_robo
Feio,Usuario_quer_xingar_robo
Feiosa,Usuario_quer_xingar_robo
Feioso,Usuario_quer_xingar_robo
Feioza,Usuario_quer_xingar_robo
Feiozo,Usuario_quer_xingar_robo
Felacao,Usuario_quer_xingar_robo
Fodao,Usuario_quer_xingar_robo
Fode,Usuario_quer_xingar_robo
FodidaFodido,Usuario_quer_xingar_robo
Fornica,Usuario_quer_xingar_robo
Fudendo,Usuario_quer_xingar_robo
Fudecao,Usuario_quer_xingar_robo
Fudida,Usuario_quer_xingar_robo
Furada,Usuario_quer_xingar_robo
Furado,Usuario_quer_xingar_robo
Furão,Usuario_quer_xingar_robo
Furnica,Usuario_quer_xingar_robo
Furnicar,Usuario_quer_xingar_robo
Gonorrea,Usuario_quer_xingar_robo
Gosma,Usuario_quer_xingar_robo
Gosmenta,Usuario_quer_xingar_robo
Gosmento,Usuario_quer_xingar_robo
Grelinho,Usuario_quer_xingar_robo
Grelo,Usuario_quer_xingar_robo
Idiotice,Usuario_quer_xingar_robo
Iscrota,Usuario_quer_xingar_robo
Iscroto,Usuario_quer_xingar_robo
Ladrao,Usuario_quer_xingar_robo
Ladroeira,Usuario_quer_xingar_robo
Ladrona,Usuario_quer_xingar_robo
Lalau,Usuario_quer_xingar_robo
Machona,Usuario_quer_xingar_robo
Machorra,Usuario_quer_xingar_robo
Manguaca,Usuario_quer_xingar_robo
Mangua¦a,Usuario_quer_xingar_robo
Masturba,Usuario_quer_xingar_robo
Meleca,Usuario_quer_xingar_robo
Mija,Usuario_quer_xingar_robo
Mijada,Usuario_quer_xingar_robo
Mijado,Usuario_quer_xingar_robo
Mijo,Usuario_quer_xingar_robo
Mocrea,Usuario_quer_xingar_robo
Mocreia,Usuario_quer_xingar_robo
Moleca,Usuario_quer_xingar_robo
Moleque,Usuario_quer_xingar_robo
Mondronga,Usuario_quer_xingar_robo
Mondrongo,Usuario_quer_xingar_robo
Nadega,Usuario_quer_xingar_robo
Nojeira,Usuario_quer_xingar_robo
Nojenta,Usuario_quer_xingar_robo
Nojento,Usuario_quer_xingar_robo
Nojo,Usuario_quer_xingar_robo
Paspalhao,Usuario_quer_xingar_robo
Paspalho,Usuario_quer_xingar_robo
Pau,Usuario_quer_xingar_robo
Peia,Usuario_quer_xingar_robo
Peido,Usuario_quer_xingar_robo
Pemba,Usuario_quer_xingar_robo
Pênis,Usuario_quer_xingar_robo
Pentelha,Usuario_quer_xingar_robo
Pentelho,Usuario_quer_xingar_robo
Perereca,Usuario_quer_xingar_robo
Peru,Usuario_quer_xingar_robo
Pica,Usuario_quer_xingar_robo
Picao,Usuario_quer_xingar_robo
Pilantra,Usuario_quer_xingar_robo
Piroco,Usuario_quer_xingar_robo
Piru,Usuario_quer_xingar_robo
Prega,Usuario_quer_xingar_robo
Prostibulo,Usuario_quer_xingar_robo
Prost-bulo,Usuario_quer_xingar_robo
Prostituto,Usuario_quer_xingar_robo
Punhetao,Usuario_quer_xingar_robo
Pus,Usuario_quer_xingar_robo
Pustula,Usuario_quer_xingar_robo
Puto,Usuario_quer_xingar_robo
Puxa-saco,Usuario_quer_xingar_robo
Puxasaco,Usuario_quer_xingar_robo
Rabao,Usuario_quer_xingar_robo
Rabo,Usuario_quer_xingar_robo
Rabuda,Usuario_quer_xingar_robo
Rabudao,Usuario_quer_xingar_robo
Rabudo,Usuario_quer_xingar_robo
Rabudona,Usuario_quer_xingar_robo
Rachada,Usuario_quer_xingar_robo
Rachadao,Usuario_quer_xingar_robo
Rachadinho,Usuario_quer_xingar_robo
Rachado,Usuario_quer_xingar_robo
Ramela,Usuario_quer_xingar_robo
Retardada,Usuario_quer_xingar_robo
Rola,Usuario_quer_xingar_robo
Rolinha,Usuario_quer_xingar_robo
Rosca,Usuario_quer_xingar_robo
Sacana,Usuario_quer_xingar_robo
Safada,Usuario_quer_xingar_robo
Safado,Usuario_quer_xingar_robo
Sapatao,Usuario_quer_xingar_robo
Sifilis,Usuario_quer_xingar_robo
Siririca,Usuario_quer_xingar_robo
Tarada,Usuario_quer_xingar_robo
Testuda,Usuario_quer_xingar_robo
Tezao,Usuario_quer_xingar_robo
Tezuda,Usuario_quer_xingar_robo
Tezudo,Usuario_quer_xingar_robo
Trocha,Usuario_quer_xingar_robo
Trolha,Usuario_quer_xingar_robo
Troucha,Usuario_quer_xingar_robo
Trouxa,Usuario_quer_xingar_robo
Troxa,Usuario_quer_xingar_robo
Vagabunda,Usuario_quer_xingar_robo
Vagina,Usuario_quer_xingar_robo
Veada,Usuario_quer_xingar_robo
Veadao,Usuario_quer_xingar_robo
Veado,Usuario_quer_xingar_robo
Viada,Usuario_quer_xingar_robo
Viadao,Usuario_quer_xingar_robo
Xerereca,Usuario_quer_xingar_robo
Xexeca,Usuario_quer_xingar_robo
Xibiu,Usuario_quer_xingar_robo
Xibumba,Usuario_quer_xingar_robo
Xota,Usuario_quer_xingar_robo
Xochota,Usuario_quer_xingar_robo
Xana,Usuario_quer_xingar_robo
Xaninha,Usuario_quer_xingar_robo
Genocida,Usuario_quer_xingar_robo
Desgraçado,Usuario_quer_xingar_robo
Ladrão,Usuario_quer_xingar_robo
Corruptor,Usuario_quer_xingar_robo
Boceta,Usuario_quer_xingar_robo
Pepeca,Usuario_quer_xingar_robo
Arrombada,Usuario_quer_xingar_robo
pauzudo,Usuario_quer_xingar_robo
gozador,Usuario_quer_xingar_robo
pintudo,Usuario_quer_xingar_robo
tesão,Usuario_quer_xingar_robo
petista,Usuario_quer_xingar_robo
centrão,Usuario_quer_xingar_robo
centrao,Usuario_quer_xingar_robo
STF,Usuario_quer_xingar_robo
bucetuda,Usuario_quer_xingar_robo
animal,Usuario_quer_xingar_robo
bucetinha,Usuario_quer_xingar_robo
Caguei,Usuario_quer_xingar_robo
bostiar,Usuario_quer_xingar_robo
defecar,Usuario_quer_xingar_robo
escretar,Usuario_quer_xingar_robo
cagar,Usuario_quer_xingar_robo
