palavroes,Iscroto
palavroes,Iscrota
palavroes,Idiotice
palavroes,Grelo
palavroes,Grelinho
palavroes,Gosmento
palavroes,Gosmenta
palavroes,Gosma
palavroes,Gonorrea
palavroes,Furnicar
palavroes,Furnica
palavroes,Furão
palavroes,Furado
palavroes,Furada
palavroes,Fudida
palavroes,Fudecao
palavroes,Fudendo
palavroes,Fornica
palavroes,FodidaFodido
palavroes,Fode
palavroes,Fodao
palavroes,Felacao
palavroes,Feiozo
palavroes,Feioza
palavroes,Feioso
palavroes,Feiosa
palavroes,Feio
palavroes,Feia
palavroes,Fedorenta
palavroes,Fedor
palavroes,Fedido
palavroes,Fedida
palavroes,Estupidez
palavroes,Estupida
palavroes,Esporro
palavroes,Esporrada
palavroes,Escrota
palavroes,Egua
palavroes,Doido
palavroes,Doida
palavroes,Difunto
palavroes,Demonio
palavroes,Defunto
palavroes,Debiloide
palavroes,Debil
palavroes,Cuzudo
palavroes,Cuzuda
palavroes,Cuzao
palavroes,Curalho
palavroes,Culhao
palavroes,Cruz-credo
palavroes,Cretino
palavroes,Cretina
palavroes,Corrupto
palavroes,Corrupta
palavroes,Cornudo
palavroes,Cornuda
palavroes,Corno
palavroes,Corna
palavroes,Cocaina
palavroes,Clitoris
palavroes,Chupado
palavroes,Chochota
palavroes,Chota
palavroes,Chifrudo
palavroes,Chifruda
palavroes,Chibumbo
palavroes,Chibumba
palavroes,Chereca
palavroes,Checheca
palavroes,Cassete
palavroes,Casseta
palavroes,Canalha
palavroes,Cagona
palavroes,Cagao
palavroes,Cagado
palavroes,Caga
palavroes,Cadela
palavroes,Busseta
palavroes,Burra
palavroes,Bunduda
palavroes,Bunda
palavroes,Buca
palavroes,Bronha
palavroes,Brioco
palavroes,Bostana
palavroes,Bosseta
palavroes,Boiola
palavroes,Boazuda
palavroes,Bixa
palavroes,Besta
palavroes,Bagos
palavroes,Anus
palavroes,Zureta
palavroes,Zulu
palavroes,Zuera
palavroes,Zuado
palavroes,Zoneira
palavroes,Zoiudo
palavroes,ZeBuceta
palavroes,Xupisco
palavroes,Xupetinha
palavroes,Xoxota
palavroes,Xixizento
palavroes,Xereca
palavroes,Xavasca
palavroes,Viado
palavroes,Verme
palavroes,Vaitomarnocu
palavroes,vaisefuder
palavroes,Vaiamerda
palavroes,Vagaranha
palavroes,Vagabundo
palavroes,Vadia
palavroes,Urubu
palavroes,Troglodita
palavroes,Trepadeira
palavroes,Travesti
palavroes,Tragado
palavroes,Tosco
palavroes,Tetudo
palavroes,Tetuda
palavroes,Tesao
palavroes,Arrombada
palavroes,Tarado
palavroes,Tapado
palavroes,Sujo
palavroes,Sanguesuga
palavroes,Rusguento
palavroes,Retardado
palavroes,Raspadinha
palavroes,Rapariga
palavroes,Rampero
palavroes,Quirguistao
palavroes,Quenga
palavroes,PutaQuePariu
palavroes,Punheta
palavroes,prostituta
palavroes,Pistoleira
palavroes,Piroca
palavroes,Piranha
palavroes,Pimenteira
palavroes,Periquita
palavroes,PauNoCu
palavroes,Passaralho
palavroes,Panaca
palavroes,Otario
palavroes,OlhoGordo
palavroes,Olhodocu
palavroes,Ogro
palavroes,Nonsense
palavroes,Nhaca
palavroes,Newbie
palavroes,Nazista
palavroes,Mulambo
palavroes,Morfetico
palavroes,MontedeMerda
palavroes,Mocorongo
palavroes,MiolodeCu
palavroes,Meretriz
palavroes,lombriga
palavroes,Limpezaanal
palavroes,Lezado
palavroes,lesma
palavroes,lazarento
palavroes,Ku
palavroes,KCT
palavroes,Jumento
palavroes,Jegue
palavroes,Jacu
palavroes,Invertebrado
palavroes,Inseto
palavroes,Imundo
palavroes,Imbecil
palavroes,Idiota
palavroes,Gozado
palavroes,GordoEscroto
palavroes,Gonorreia
palavroes,Fulera
palavroes,Fudido
palavroes,Foda
palavroes,Fiofo
palavroes,FilhodaPuta
palavroes,Fidumaegua
palavroes,FDP
palavroes,Estupido
palavroes,Estrunxado
palavroes,Estrume
palavroes,Estigalhado
palavroes,Esporrado
palavroes,Esdruxulo
palavroes,Escroto
palavroes,EngoleRola
palavroes,Enfianocu
palavroes,Energumeno
palavroes,Endemoniado
palavroes,EGUENORANTE
palavroes,Desgracado
palavroes,Demente
palavroes,DebilMental
palavroes,Cu
palavroes,Cocozento
palavroes,Caralho
palavroes,Capiroto
palavroes,Cadelona
palavroes,Cacete
palavroes,Burro
palavroes,Bundao
palavroes,Boquete
palavroes,Boqueteiro
palavroes,bolagato
palavroes,Bicha
palavroes,Biba
palavroes,Baitola
palavroes,Babaca
palavroes,Arrombado
palavroes,Arregassado
palavroes,AnimaldeTeta
palavroes,buceta
palavroes,merda
palavroes,fuder
palavroes,puta que pariu
palavroes,porra
palavroes,puta
palavroes,Vai tomar no cu
palavroes,cuzinho
palavroes,bosta
palavroes,xoxotinha
palavroes,bucetona
palavroes,Caguei
palavroes,bucetinha
palavroes,Chupada
palavroes,vai tnc
palavroes,tomar no cu
palavroes,tomar no cuzinho
palavroes,vai se fuder
palavroes,va se fuder
palavroes,Pepeca
palavroes,Boceta
palavroes,Corruptor
palavroes,Ladrão
palavroes,Desgraçado
palavroes,Genocida
palavroes,Xaninha
palavroes,Xana
palavroes,Xochota
palavroes,Xota
palavroes,Xibumba
palavroes,Xibiu
palavroes,Xexeca
palavroes,Xerereca
palavroes,Viadao
palavroes,Viada
palavroes,Veado
palavroes,Veadao
palavroes,Veada
palavroes,Vagina
palavroes,Vagabunda
palavroes,Troxa
palavroes,Trouxa
palavroes,Troucha
palavroes,Trolha
palavroes,Trocha
palavroes,Tezudo
palavroes,Tezuda
palavroes,Tezao
palavroes,Testuda
palavroes,Tarada
palavroes,Siririca
palavroes,Sifilis
palavroes,Sapatao
palavroes,Safado
palavroes,Safada
palavroes,Sacana
palavroes,Rosca
palavroes,Rolinha
palavroes,Rola
palavroes,Retardada
palavroes,Ramela
palavroes,Rachado
palavroes,Rachadinho
palavroes,Rachadao
palavroes,Rachada
palavroes,Ladrao
palavroes,Rabudo
palavroes,Rabudao
palavroes,Rabuda
palavroes,Rabo
palavroes,Rabao
palavroes,Puxasaco
palavroes,Puxa-saco
palavroes,Puto
palavroes,Pustula
palavroes,Pus
palavroes,Punhetao
palavroes,Prostituto
palavroes,Prost-bulo
palavroes,Prostibulo
palavroes,Prega
palavroes,Piru
palavroes,Piroco
palavroes,Pilantra
palavroes,Picao
palavroes,Pica
palavroes,Peru
palavroes,Perereca
palavroes,Pentelho
palavroes,Rabudona
palavroes,Pentelha
palavroes,Pênis
palavroes,Pemba
palavroes,Peido
palavroes,Peia
palavroes,Pau
palavroes,Paspalho
palavroes,Paspalhao
palavroes,Nojo
palavroes,Nojento
palavroes,Nojenta
palavroes,Nojeira
palavroes,Nadega
palavroes,Mondrongo
palavroes,Mondronga
palavroes,Moleque
palavroes,Moleca
palavroes,Mocreia
palavroes,Mocrea
palavroes,Mijo
palavroes,Mijado
palavroes,Mijada
palavroes,Mija
palavroes,Meleca
palavroes,Masturba
palavroes,Mangua¦a
palavroes,Manguaca
palavroes,Machorra
palavroes,Machona
palavroes,Lalau
palavroes,Ladrona
palavroes,Ladroeira
